Country,Local Authority,Parish,Text,Easting,Northing,Latitude,Longitude,Grid ref,NLS URL
England,Herefordshire,Herefordshire (Un-parished),meter house,349730.0366,239452.8047,52.05117094,-2.734490633,SO4973039452,"https://maps.nls.uk/geo/explore/#zoom=16&lat=52.05117094&lon=-2.734490633&layers=6&b=1&marker=52.05117094,-2.734490633"
England,Adur,Adur (Un-parished),Water Meter,521280.6899,107156.0143,50.85121724,-0.278477669,TQ2128007156,"https://maps.nls.uk/geo/explore/#zoom=16&lat=50.85121724&lon=-0.278477669&layers=6&b=1&marker=50.85121724,-0.278477669"
England,Darlington,Darlington (Un-parished),Gas Meter House,426787.0851,515693.792,54.53581204,-1.587535143,NZ2678715693,"https://maps.nls.uk/geo/explore/#zoom=16&lat=54.53581204&lon=-1.587535143&layers=6&b=1&marker=54.53581204,-1.587535143"
England,Lancaster,Lancaster (Un-parished),Meter house (Lancaster corpn. w. w.),346468.5736,462518.9684,54.05582979,-2.81922698,SD4646862518,"https://maps.nls.uk/geo/explore/#zoom=16&lat=54.05582979&lon=-2.81922698&layers=6&b=1&marker=54.05582979,-2.81922698"
England,Lancaster,Lancaster (Un-parished),Meter House (Lancaster corpn. W. W.),345940.8319,463520.834,54.06477798,-2.827466726,SD4594063520,"https://maps.nls.uk/geo/explore/#zoom=16&lat=54.06477798&lon=-2.827466726&layers=6&b=1&marker=54.06477798,-2.827466726"
England,Rochdale,Rochdale (Un-parished),meter house,390260.8614,415367.0703,53.63473293,-2.148760557,SD9026015367,"https://maps.nls.uk/geo/explore/#zoom=16&lat=53.63473293&lon=-2.148760557&layers=6&b=1&marker=53.63473293,-2.148760557"
England,Rochdale,Rochdale (Un-parished),Meter House,392168.3212,416921.5467,53.64873726,-2.119953632,SD9216816921,"https://maps.nls.uk/geo/explore/#zoom=16&lat=53.64873726&lon=-2.119953632&layers=6&b=1&marker=53.64873726,-2.119953632"
England,Wakefield,Wakefield (Un-parished),Water Meter House (Wakefield Corporation Water Works),430492.4677,422185.816,53.69523022,-1.539673808,SE3049222185,"https://maps.nls.uk/geo/explore/#zoom=16&lat=53.69523022&lon=-1.539673808&layers=6&b=1&marker=53.69523022,-1.539673808"
England,Rochdale,Rochdale (Un-parished),Meter Ho.,395987.668,412421.3075,53.60833225,-2.062114477,SD9598712421,"https://maps.nls.uk/geo/explore/#zoom=16&lat=53.60833225&lon=-2.062114477&layers=6&b=1&marker=53.60833225,-2.062114477"
England,Bradford,Bradford (Un-parished),Meter House,411782.016,435089.751,53.8119636,-1.822550297,SE1178235089,"https://maps.nls.uk/geo/explore/#zoom=16&lat=53.8119636&lon=-1.822550297&layers=6&b=1&marker=53.8119636,-1.822550297"
England,Bradford,Bradford (Un-parished),Water Meter House,411993.0446,439335.0269,53.85011477,-1.819181442,SE1199339335,"https://maps.nls.uk/geo/explore/#zoom=16&lat=53.85011477&lon=-1.819181442&layers=6&b=1&marker=53.85011477,-1.819181442"
England,Leeds,Leeds (Un-parished),Meter House (Farsley U. D. C. W. W.),420372.1449,434224.1708,53.80392029,-1.692152023,SE2037234224,"https://maps.nls.uk/geo/explore/#zoom=16&lat=53.80392029&lon=-1.692152023&layers=6&b=1&marker=53.80392029,-1.692152023"
England,Melton,Melton (Un-parished),Gas Meter,475148.0056,319502.7822,52.76790341,-0.887650251,SK7514819502,"https://maps.nls.uk/geo/explore/#zoom=16&lat=52.76790341&lon=-0.887650251&layers=6&b=1&marker=52.76790341,-0.887650251"
Wales,Conwy,Caerhun,Meter House,275522.8219,369809.8511,53.21072964,-3.865395784,SH7552269809,"https://maps.nls.uk/geo/explore/#zoom=16&lat=53.21072964&lon=-3.865395784&layers=6&b=1&marker=53.21072964,-3.865395784"
Wales,Carmarthenshire,Llanelli Rural,Meter Ho.,251752.4655,203012.3738,51.70620955,-4.146888256,SN5175203012,"https://maps.nls.uk/geo/explore/#zoom=16&lat=51.70620955&lon=-4.146888256&layers=6&b=1&marker=51.70620955,-4.146888256"
Scotland,Falkirk,Airth,Water Meter,292245.6332,684435.2949,56.04063061,-3.731167316,NS9224584435,"https://maps.nls.uk/geo/explore/#zoom=16&lat=56.04063061&lon=-3.731167316&layers=6&b=1&marker=56.04063061,-3.731167316"
Scotland,Perth and Kinross,Errol,Water Meter,323315.1988,722659.9785,56.38996361,-3.243691921,NO2331522659,"https://maps.nls.uk/geo/explore/#zoom=16&lat=56.38996361&lon=-3.243691921&layers=6&b=1&marker=56.38996361,-3.243691921"
Scotland,Falkirk,Bo'ness and Carriden,Water Meter House,300361.8087,681170.2414,56.01306553,-3.599739075,NT0036181170,"https://maps.nls.uk/geo/explore/#zoom=16&lat=56.01306553&lon=-3.599739075&layers=6&b=1&marker=56.01306553,-3.599739075"
Scotland,North Ayrshire,Dalry,Meter House,227299.1576,654895.3863,55.75651041,-4.753668308,NS2729954895,"https://maps.nls.uk/geo/explore/#zoom=16&lat=55.75651041&lon=-4.753668308&layers=6&b=1&marker=55.75651041,-4.753668308"
Scotland,Midlothian,Temple,Meter House,329091.2439,658924.0065,55.81834299,-3.133206367,NT2909158924,"https://maps.nls.uk/geo/explore/#zoom=16&lat=55.81834299&lon=-3.133206367&layers=6&b=1&marker=55.81834299,-3.133206367"
Scotland,Highland,Ardclach,Water Meter (Nairn Water Works),289007.5075,846128.6095,57.49174087,-3.853325844,NH8900746128,"https://maps.nls.uk/geo/explore/#zoom=16&lat=57.49174087&lon=-3.853325844&layers=6&b=1&marker=57.49174087,-3.853325844"
Scotland,Highland,Ardclach,water meter (nairn water works),288949.1938,845736.8749,57.48820966,-3.854119778,NH8894945736,"https://maps.nls.uk/geo/explore/#zoom=16&lat=57.48820966&lon=-3.854119778&layers=6&b=1&marker=57.48820966,-3.854119778"
Wales,Wrexham,Willington Worthenbury,Meter Chamber,344250.4033,341881.3277,52.97137385,-2.831597328,SJ4425041881,"https://maps.nls.uk/geo/explore/#zoom=16&lat=52.97137385&lon=-2.831597328&layers=6&b=1&marker=52.97137385,-2.831597328"
England,South Oxfordshire,Checkendon,Gas Meter,468000.9281,182468.5563,51.53703324,-1.020956039,SU6800082468,"https://maps.nls.uk/geo/explore/#zoom=16&lat=51.53703324&lon=-1.020956039&layers=6&b=1&marker=51.53703324,-1.020956039"
England,Weymouth and Portland,Portland,Gas Meter Ho.,368491.8996,73890.90945,50.56391284,-2.446217537,SY6849173890,"https://maps.nls.uk/geo/explore/#zoom=16&lat=50.56391284&lon=-2.446217537&layers=6&b=1&marker=50.56391284,-2.446217537"
England,Herefordshire,Colwall,Meter House (Malvern U. D. C. W. W.),376467.7205,244132.7167,52.09503121,-2.344915867,SO7646744132,"https://maps.nls.uk/geo/explore/#zoom=16&lat=52.09503121&lon=-2.344915867&layers=6&b=1&marker=52.09503121,-2.344915867"
England,County Durham,Hunderthwaite,Meter (Rain),388405.1648,517722.0661,54.55460663,-2.180786133,NY8840517722,"https://maps.nls.uk/geo/explore/#zoom=16&lat=54.55460663&lon=-2.180786133&layers=6&b=1&marker=54.55460663,-2.180786133"
England,Bradford,Cullingworth,Water Meter House,406424.6047,435341.9104,53.81432258,-1.903907061,SE0642435341,"https://maps.nls.uk/geo/explore/#zoom=16&lat=53.81432258&lon=-1.903907061&layers=6&b=1&marker=53.81432258,-1.903907061"
England,Burnley,Worsthorne-With-Hurstwood,Meter House (Burnley Corp. W. W.),387496.2391,431976.7433,53.78396197,-2.191246748,SD8749631976,"https://maps.nls.uk/geo/explore/#zoom=16&lat=53.78396197&lon=-2.191246748&layers=6&b=1&marker=53.78396197,-2.191246748"
England,Chorley,Anderton,Meter House,362931.6448,412283.5573,53.60579109,-2.561681271,SD6293112283,"https://maps.nls.uk/geo/explore/#zoom=16&lat=53.60579109&lon=-2.561681271&layers=6&b=1&marker=53.60579109,-2.561681271"
England,Redcar and Cleveland,Lockwood,Water Meter House,467708.519,514629.5364,54.52244174,-0.955445766,NZ6770814629,"https://maps.nls.uk/geo/explore/#zoom=16&lat=54.52244174&lon=-0.955445766&layers=6&b=1&marker=54.52244174,-0.955445766"
England,Calderdale,Wadsworth,Meter House,398662.804,429503.0594,53.76187941,-2.021763325,SD9866229503,"https://maps.nls.uk/geo/explore/#zoom=16&lat=53.76187941&lon=-2.021763325&layers=6&b=1&marker=53.76187941,-2.021763325"
England,Chorley,Anderton,Meter Ho.,363005.8932,411524.9178,53.59897784,-2.560468912,SD6300511524,"https://maps.nls.uk/geo/explore/#zoom=16&lat=53.59897784&lon=-2.560468912&layers=6&b=1&marker=53.59897784,-2.560468912"
England,Blackburn With Darwen,North Turton,Meter House,369472.7437,414415.1354,53.62537291,-2.463040352,SD6947214415,"https://maps.nls.uk/geo/explore/#zoom=16&lat=53.62537291&lon=-2.463040352&layers=6&b=1&marker=53.62537291,-2.463040352"
England,Pendle,Barrowford,Meter Ho.,386784.0085,439530.7353,53.85183851,-2.20238328,SD8678439530,"https://maps.nls.uk/geo/explore/#zoom=16&lat=53.85183851&lon=-2.20238328&layers=6&b=1&marker=53.85183851,-2.20238328"
England,Lancaster,Halton-With-Aughton,Meter House (Lancaster Corp. W. W.),348394.0379,464040.6543,54.0697015,-2.790076733,SD4839464040,"https://maps.nls.uk/geo/explore/#zoom=16&lat=54.0697015&lon=-2.790076733&layers=6&b=1&marker=54.0697015,-2.790076733"
England,East Lindsey,Scamblesby,Water Meter,527665.7058,379395.6587,53.29614472,-0.085959435,TF2766579395,"https://maps.nls.uk/geo/explore/#zoom=16&lat=53.29614472&lon=-0.085959435&layers=6&b=1&marker=53.29614472,-0.085959435"
England,Lancaster,Over Wyresdale,Meter Ho.,352719.7068,454466.7187,53.98407764,-2.722489357,SD5271954466,"https://maps.nls.uk/geo/explore/#zoom=16&lat=53.98407764&lon=-2.722489357&layers=6&b=1&marker=53.98407764,-2.722489357"
England,Cheshire West and Chester,Tarporley,Meter House,356552.5854,361498.3863,53.14884229,-2.651078221,SJ5655261498,"https://maps.nls.uk/geo/explore/#zoom=16&lat=53.14884229&lon=-2.651078221&layers=6&b=1&marker=53.14884229,-2.651078221"
England,Cheshire West and Chester,Malpas,Meter,348365.4321,347610.9798,53.02328694,-2.771245479,SJ4836547610,"https://maps.nls.uk/geo/explore/#zoom=16&lat=53.02328694&lon=-2.771245479&layers=6&b=1&marker=53.02328694,-2.771245479"
England,Oldham,Shaw and Crompton,meter house,395172.281,408608.1919,53.57405192,-2.074377537,SD9517208608,"https://maps.nls.uk/geo/explore/#zoom=16&lat=53.57405192&lon=-2.074377537&layers=6&b=1&marker=53.57405192,-2.074377537"
England,Oldham,Shaw and Crompton,meter ho.,395352.6,409880.2147,53.58548688,-2.07167387,SD9535209880,"https://maps.nls.uk/geo/explore/#zoom=16&lat=53.58548688&lon=-2.07167387&layers=6&b=1&marker=53.58548688,-2.07167387"
England,Lancaster,Scotforth,Meter House,349179.5209,458327.3382,54.01843558,-2.777116299,SD4917958327,"https://maps.nls.uk/geo/explore/#zoom=16&lat=54.01843558&lon=-2.777116299&layers=6&b=1&marker=54.01843558,-2.777116299"
England,Harrogate,Healey,Meter House,416647.7807,479003.8271,54.20651162,-1.746268272,SE1664779003,"https://maps.nls.uk/geo/explore/#zoom=16&lat=54.20651162&lon=-1.746268272&layers=6&b=1&marker=54.20651162,-1.746268272"
England,High Peak,Tintwistle,Meter House,401509.8785,397700.1011,53.47602743,-1.978719234,SK0150997700,"https://maps.nls.uk/geo/explore/#zoom=16&lat=53.47602743&lon=-1.978719234&layers=6&b=1&marker=53.47602743,-1.978719234"
England,South Lakeland,Pennington,Water Meter,327029.0033,478031.4975,54.19283211,-3.119881153,SD2702978031,"https://maps.nls.uk/geo/explore/#zoom=16&lat=54.19283211&lon=-3.119881153&layers=6&b=1&marker=54.19283211,-3.119881153"
England,Chorley,Bretherton,Water Meter House (Walton le Dale U. D. C.),361022.4526,426243.6462,53.73112083,-2.59229064,SD6102226243,"https://maps.nls.uk/geo/explore/#zoom=16&lat=53.73112083&lon=-2.59229064&layers=6&b=1&marker=53.73112083,-2.59229064"
England,Chorley,Heapey,Western Water Meter House (Chorley R. D. C.),359895.4398,420280.6807,53.67744247,-2.608598471,SD5989520280,"https://maps.nls.uk/geo/explore/#zoom=16&lat=53.67744247&lon=-2.608598471&layers=6&b=1&marker=53.67744247,-2.608598471"
Scotland,Stirling,,Rain Guage,259733.1389,706366.8487,56.22909891,-4.264175892,NN5973306366,"https://maps.nls.uk/geo/explore/#zoom=16&lat=56.22909891&lon=-4.264175892&layers=6&b=1&marker=56.22909891,-4.264175892"
Scotland,Scottish Borders,Tweedsmuir,Rain Guage,313098.2289,616279.0383,55.43266355,-3.374884129,NT1309816279,"https://maps.nls.uk/geo/explore/#zoom=16&lat=55.43266355&lon=-3.374884129&layers=6&b=1&marker=55.43266355,-3.374884129"
Scotland,Argyll and Bute,,Rain Guage,116300.4537,651529.4702,55.67408994,-6.51405707,NR1630051529,"https://maps.nls.uk/geo/explore/#zoom=16&lat=55.67408994&lon=-6.51405707&layers=6&b=1&marker=55.67408994,-6.51405707"
England,Sheffield,Bradfield,Rain Guage,424484.6145,391982.3505,53.42407243,-1.633014679,SK2448491982,"https://maps.nls.uk/geo/explore/#zoom=16&lat=53.42407243&lon=-1.633014679&layers=6&b=1&marker=53.42407243,-1.633014679"
England,Eden,Patterdale,Rain Guage,335544.239,513568.977,54.51330628,-2.997100353,NY3554413568,"https://maps.nls.uk/geo/explore/#zoom=16&lat=54.51330628&lon=-2.997100353&layers=6&b=1&marker=54.51330628,-2.997100353"
England,South Lakeland,Lakes,Rain Guages,335768.4358,511734.5062,54.49685108,-2.993237972,NY3576811734,"https://maps.nls.uk/geo/explore/#zoom=16&lat=54.49685108&lon=-2.993237972&layers=6&b=1&marker=54.49685108,-2.993237972"
England,Dudley,Dudley (Un-parished),Gauge,392994.9285,283721.7648,52.45140652,-2.104504108,SO9299483721,"https://maps.nls.uk/geo/explore/#zoom=16&lat=52.45140652&lon=-2.104504108&layers=6&b=1&marker=52.45140652,-2.104504108"
England,Croydon,Croydon (Un-parished),Rain Gauge,537043.3442,162749.216,51.34730835,-0.033602715,TQ3704362749,"https://maps.nls.uk/geo/explore/#zoom=16&lat=51.34730835&lon=-0.033602715&layers=6&b=1&marker=51.34730835,-0.033602715"
England,Rochdale,Rochdale (Un-parished),Rain Gauge,382544.7787,416828.3652,53.64766506,-2.265533209,SD8254416828,"https://maps.nls.uk/geo/explore/#zoom=16&lat=53.64766506&lon=-2.265533209&layers=6&b=1&marker=53.64766506,-2.265533209"
England,Kirklees,Kirklees (Un-parished),Rain Gauge,407105.2917,411297.1025,53.59819726,-1.894111633,SE0710511297,"https://maps.nls.uk/geo/explore/#zoom=16&lat=53.59819726&lon=-1.894111633&layers=6&b=1&marker=53.59819726,-1.894111633"
England,Kirklees,Kirklees (Un-parished),Rain Gauge,404806.4523,409576.8631,53.58276092,-1.928873062,SE0480609576,"https://maps.nls.uk/geo/explore/#zoom=16&lat=53.58276092&lon=-1.928873062&layers=6&b=1&marker=53.58276092,-1.928873062"
England,East Riding of Yorkshire,East Riding of Yorkshire (Un-parished),Rain Gauge,504793.8291,434185.0593,53.7934343,-0.410635471,TA0479334185,"https://maps.nls.uk/geo/explore/#zoom=16&lat=53.7934343&lon=-0.410635471&layers=6&b=1&marker=53.7934343,-0.410635471"
England,Calderdale,Calderdale (Un-parished),Gauge Basin,403047.6869,430092.2171,53.76716853,-1.955244541,SE0304730092,"https://maps.nls.uk/geo/explore/#zoom=16&lat=53.76716853&lon=-1.955244541&layers=6&b=1&marker=53.76716853,-1.955244541"
England,Rochdale,Rochdale (Un-parished),Rain Gauge,383134.2224,415671.3402,53.63728507,-2.256553173,SD8313415671,"https://maps.nls.uk/geo/explore/#zoom=16&lat=53.63728507&lon=-2.256553173&layers=6&b=1&marker=53.63728507,-2.256553173"
England,Blackburn With Darwen,Blackburn With Darwen (Un-parished),Rain Gauge,367404.5521,419256.431,53.66876063,-2.494819164,SD6740419256,"https://maps.nls.uk/geo/explore/#zoom=16&lat=53.66876063&lon=-2.494819164&layers=6&b=1&marker=53.66876063,-2.494819164"
England,Rossendale,Rossendale (Un-parished),Rain Gauge,384460.0751,419288.8791,53.66984119,-2.236683369,SD8446019288,"https://maps.nls.uk/geo/explore/#zoom=16&lat=53.66984119&lon=-2.236683369&layers=6&b=1&marker=53.66984119,-2.236683369"
England,Rochdale,Rochdale (Un-parished),Rain Gauges,385676.5247,416770.3013,53.64723897,-2.218154669,SD8567616770,"https://maps.nls.uk/geo/explore/#zoom=16&lat=53.64723897&lon=-2.218154669&layers=6&b=1&marker=53.64723897,-2.218154669"
England,Rochdale,Rochdale (Un-parished),Rain Gauge,385073.0976,416588.2251,53.64558545,-2.227274179,SD8507316588,"https://maps.nls.uk/geo/explore/#zoom=16&lat=53.64558545&lon=-2.227274179&layers=6&b=1&marker=53.64558545,-2.227274179"
England,Rochdale,Rochdale (Un-parished),Rain Gauge,382981.9162,416314.4596,53.64306052,-2.258892059,SD8298116314,"https://maps.nls.uk/geo/explore/#zoom=16&lat=53.64306052&lon=-2.258892059&layers=6&b=1&marker=53.64306052,-2.258892059"
England,Mansfield,Mansfield (Un-parished),Water Gauge,455823.2791,359664.3263,53.13122618,-1.167125702,SK5582359664,"https://maps.nls.uk/geo/explore/#zoom=16&lat=53.13122618&lon=-1.167125702&layers=6&b=1&marker=53.13122618,-1.167125702"
England,Blackburn With Darwen,Blackburn With Darwen (Un-parished),Rain Gauge,367925.4629,422133.856,53.69465469,-2.487233877,SD6792522133,"https://maps.nls.uk/geo/explore/#zoom=16&lat=53.69465469&lon=-2.487233877&layers=6&b=1&marker=53.69465469,-2.487233877"
England,Rochdale,Rochdale (Un-parished),Rain Gauge,383839.7918,416205.268,53.64210648,-2.245910168,SD8383916205,"https://maps.nls.uk/geo/explore/#zoom=16&lat=53.64210648&lon=-2.245910168&layers=6&b=1&marker=53.64210648,-2.245910168"
England,Blackpool,Blackpool (Un-parished),Rain Gauges,331977.7865,437768.0991,53.83170042,-3.035026789,SD3197737768,"https://maps.nls.uk/geo/explore/#zoom=16&lat=53.83170042&lon=-3.035026789&layers=6&b=1&marker=53.83170042,-3.035026789"
England,Halton,Halton (Un-parished),Ship Gauge,350460.7698,383284.9185,53.34412739,-2.745552063,SJ5046083284,"https://maps.nls.uk/geo/explore/#zoom=16&lat=53.34412739&lon=-2.745552063&layers=6&b=1&marker=53.34412739,-2.745552063"
England,Cheshire West and Chester,Cheshire West and Chester (Un-parished),Rain Gauge,330671.0555,378338.6089,53.29744642,-3.041667938,SJ3067178338,"https://maps.nls.uk/geo/explore/#zoom=16&lat=53.29744642&lon=-3.041667938&layers=6&b=1&marker=53.29744642,-3.041667938"
England,Leeds,Leeds (Un-parished),Gauge Basin,430546.83,441889.5166,53.87231769,-1.536905766,SE3054641889,"https://maps.nls.uk/geo/explore/#zoom=16&lat=53.87231769&lon=-1.536905766&layers=6&b=1&marker=53.87231769,-1.536905766"
England,Blackburn With Darwen,Blackburn With Darwen (Un-parished),Rain Gauge,369674.3949,426462.9352,53.7336684,-2.461173534,SD6967426462,"https://maps.nls.uk/geo/explore/#zoom=16&lat=53.7336684&lon=-2.461173534&layers=6&b=1&marker=53.7336684,-2.461173534"
England,Hyndburn,Hyndburn (Un-parished),Rain Gauge,372497.0622,424177.5388,53.71328476,-2.418183088,SD7249724177,"https://maps.nls.uk/geo/explore/#zoom=16&lat=53.71328476&lon=-2.418183088&layers=6&b=1&marker=53.71328476,-2.418183088"
England,Blackburn With Darwen,Blackburn With Darwen (Un-parished),Rain Gauge,370291.3101,425973.5515,53.72930557,-2.451775074,SD7029125973,"https://maps.nls.uk/geo/explore/#zoom=16&lat=53.72930557&lon=-2.451775074&layers=6&b=1&marker=53.72930557,-2.451775074"
England,Rochdale,Rochdale (Un-parished),Rain Gauge,395010.9961,419068.9752,53.66807414,-2.076984644,SD9501019068,"https://maps.nls.uk/geo/explore/#zoom=16&lat=53.66807414&lon=-2.076984644&layers=6&b=1&marker=53.66807414,-2.076984644"
England,Rochdale,Rochdale (Un-parished),Rain Gauge,394964.5717,419398.5703,53.67103613,-2.077692747,SD9496419398,"https://maps.nls.uk/geo/explore/#zoom=16&lat=53.67103613&lon=-2.077692747&layers=6&b=1&marker=53.67103613,-2.077692747"
England,Rochdale,Rochdale (Un-parished),Rain Gauge,396866.9203,412008.4307,53.60462741,-2.048821449,SD9686612008,"https://maps.nls.uk/geo/explore/#zoom=16&lat=53.60462741&lon=-2.048821449&layers=6&b=1&marker=53.60462741,-2.048821449"
England,Rochdale,Rochdale (Un-parished),Rain Gauge,396770.7539,412550.9926,53.60950348,-2.050280571,SD9677012550,"https://maps.nls.uk/geo/explore/#zoom=16&lat=53.60950348&lon=-2.050280571&layers=6&b=1&marker=53.60950348,-2.050280571"
England,Rossendale,Rossendale (Un-parished),Rain Gauge,383584.5276,418449.5532,53.66227032,-2.249890566,SD8358418449,"https://maps.nls.uk/geo/explore/#zoom=16&lat=53.66227032&lon=-2.249890566&layers=6&b=1&marker=53.66227032,-2.249890566"
England,Kirklees,Kirklees (Un-parished),Rain Gauge,402443.2333,409645.2565,53.58339147,-1.9645679,SE0244309645,"https://maps.nls.uk/geo/explore/#zoom=16&lat=53.58339147&lon=-1.9645679&layers=6&b=1&marker=53.58339147,-1.9645679"
England,Rochdale,Rochdale (Un-parished),Rain Gauge,396968.219,416981.9674,53.64933122,-2.04734087,SD9696816981,"https://maps.nls.uk/geo/explore/#zoom=16&lat=53.64933122&lon=-2.04734087&layers=6&b=1&marker=53.64933122,-2.04734087"
England,Rochdale,Rochdale (Un-parished),Rain Gauge,394921.4373,418851.2502,53.66611631,-2.078336477,SD9492118851,"https://maps.nls.uk/geo/explore/#zoom=16&lat=53.66611631&lon=-2.078336477&layers=6&b=1&marker=53.66611631,-2.078336477"
England,Rochdale,Rochdale (Un-parished),Rain Gauge,397242.2239,412756.0483,53.61134936,-2.043156624,SD9724212756,"https://maps.nls.uk/geo/explore/#zoom=16&lat=53.61134936&lon=-2.043156624&layers=6&b=1&marker=53.61134936,-2.043156624"
England,Tameside,Tameside (Un-parished),Rain Gauge,395743.6877,401410.9309,53.50936559,-2.065647916,SD9574301410,"https://maps.nls.uk/geo/explore/#zoom=16&lat=53.50936559&lon=-2.065647916&layers=6&b=1&marker=53.50936559,-2.065647916"
England,Oldham,Oldham (Un-parished),rain gauge,393005.439,403914.6062,53.53183963,-2.106993198,SD9300503914,"https://maps.nls.uk/geo/explore/#zoom=16&lat=53.53183963&lon=-2.106993198&layers=6&b=1&marker=53.53183963,-2.106993198"
England,Lancaster,Lancaster (Un-parished),Rain Gauge,340590.7067,460503.7026,54.03707451,-2.908608913,SD4059060503,"https://maps.nls.uk/geo/explore/#zoom=16&lat=54.03707451&lon=-2.908608913&layers=6&b=1&marker=54.03707451,-2.908608913"
England,Bradford,Bradford (Un-parished),Rain Gauge,411966.7614,439401.1514,53.85070969,-1.819578409,SE1196639401,"https://maps.nls.uk/geo/explore/#zoom=16&lat=53.85070969&lon=-1.819578409&layers=6&b=1&marker=53.85070969,-1.819578409"
England,Leeds,Leeds (Un-parished),Rain Gauge,415325.8659,442600.4144,53.87937644,-1.768358946,SE1532542600,"https://maps.nls.uk/geo/explore/#zoom=16&lat=53.87937644&lon=-1.768358946&layers=6&b=1&marker=53.87937644,-1.768358946"
England,High Peak,High Peak (Un-parished),Rain Gauge,405855.2323,376313.6736,53.28376443,-1.913638115,SK0585576313,"https://maps.nls.uk/geo/explore/#zoom=16&lat=53.28376443&lon=-1.913638115&layers=6&b=1&marker=53.28376443,-1.913638115"
England,Calderdale,Calderdale (Un-parished),Rain Gauge,405765.6734,427013.1302,53.73947127,-1.914067268,SE0576527013,"https://maps.nls.uk/geo/explore/#zoom=16&lat=53.73947127&lon=-1.914067268&layers=6&b=1&marker=53.73947127,-1.914067268"
England,Hyndburn,Hyndburn (Un-parished),Rain Gauge,374251.9223,425866.4169,53.72855406,-2.391736507,SD7425125866,"https://maps.nls.uk/geo/explore/#zoom=16&lat=53.72855406&lon=-2.391736507&layers=6&b=1&marker=53.72855406,-2.391736507"
England,Hyndburn,Hyndburn (Un-parished),Rain Gauge,371483.2815,430129.4503,53.76672463,-2.434093952,SD7148330129,"https://maps.nls.uk/geo/explore/#zoom=16&lat=53.76672463&lon=-2.434093952&layers=6&b=1&marker=53.76672463,-2.434093952"
England,Blackburn With Darwen,Blackburn With Darwen (Un-parished),Rain Gauges,371488.5505,422763.5119,53.70052138,-2.433332205,SD7148822763,"https://maps.nls.uk/geo/explore/#zoom=16&lat=53.70052138&lon=-2.433332205&layers=6&b=1&marker=53.70052138,-2.433332205"
England,Hyndburn,Hyndburn (Un-parished),Rain Gauge,372685.5243,424073.2879,53.7123577,-2.415318489,SD7268524073,"https://maps.nls.uk/geo/explore/#zoom=16&lat=53.7123577&lon=-2.415318489&layers=6&b=1&marker=53.7123577,-2.415318489"
Wales,Powys,Llanwddyn,Water Gauge,304374.8286,322367.0753,52.79037095,-3.419473171,SJ0437422367,"https://maps.nls.uk/geo/explore/#zoom=16&lat=52.79037095&lon=-3.419473171&layers=6&b=1&marker=52.79037095,-3.419473171"
Wales,Powys,Llanfrynach,Water Gauge & Weir,299517.968,216517.5375,51.83819366,-3.459820676,SN9951716517,"https://maps.nls.uk/geo/explore/#zoom=16&lat=51.83819366&lon=-3.459820676&layers=6&b=1&marker=51.83819366,-3.459820676"
Wales,Powys,Llanfrynach,Water Gauge,303276.4833,218174.7284,51.85375323,-3.40575099,SO0327618174,"https://maps.nls.uk/geo/explore/#zoom=16&lat=51.85375323&lon=-3.40575099&layers=6&b=1&marker=51.85375323,-3.40575099"
Wales,Powys,Glyn Tarell,Rain Gauge,301070.8919,220876.5177,51.87765008,-3.438538313,SO0107020876,"https://maps.nls.uk/geo/explore/#zoom=16&lat=51.87765008&lon=-3.438538313&layers=6&b=1&marker=51.87765008,-3.438538313"
Wales,Powys,Llanfrynach,Rain Gauge,302642.7792,219988.6155,51.86994644,-3.415460587,SO0264219988,"https://maps.nls.uk/geo/explore/#zoom=16&lat=51.86994644&lon=-3.415460587&layers=6&b=1&marker=51.86994644,-3.415460587"
Wales,Powys,Llanfrynach,Rain Gauge,302107.8006,219232.4756,51.86305642,-3.423013687,SO0210719232,"https://maps.nls.uk/geo/explore/#zoom=16&lat=51.86305642&lon=-3.423013687&layers=6&b=1&marker=51.86305642,-3.423013687"
Wales,Powys,Llanwddyn,Rain Gauge,300062.7468,321394.2944,52.78084696,-3.483097101,SJ0006221394,"https://maps.nls.uk/geo/explore/#zoom=16&lat=52.78084696&lon=-3.483097101&layers=6&b=1&marker=52.78084696,-3.483097101"
Scotland,Perth and Kinross,Glendevon,Rain Gauge,296153.3098,704285.0477,56.21975834,-3.676214218,NN9615304285,"https://maps.nls.uk/geo/explore/#zoom=16&lat=56.21975834&lon=-3.676214218&layers=6&b=1&marker=56.21975834,-3.676214218"
Scotland,Na H Eileanan An Iar,,Rain Gauge,59387.48511,862749.4745,57.52620469,-7.692961693,NF5938762749,"https://maps.nls.uk/geo/explore/#zoom=16&lat=57.52620469&lon=-7.692961693&layers=6&b=1&marker=57.52620469,-7.692961693"
Scotland,Moray,Dyke and Moy,rain gauge,299392.674,855131.7742,57.57500228,-3.683885336,NH9939255131,"https://maps.nls.uk/geo/explore/#zoom=16&lat=57.57500228&lon=-3.683885336&layers=6&b=1&marker=57.57500228,-3.683885336"
Scotland,Moray,Urquhart,Wind Gauge,328086.7657,867766.9201,57.69395373,-3.208007813,NJ2808667766,"https://maps.nls.uk/geo/explore/#zoom=16&lat=57.69395373&lon=-3.208007813&layers=6&b=1&marker=57.69395373,-3.208007813"
Scotland,Highland,Durness,Rain Gauge,225804.4504,974686.4145,58.62499458,-5.001708269,NC2580474686,"https://maps.nls.uk/geo/explore/#zoom=16&lat=58.62499458&lon=-5.001708269&layers=6&b=1&marker=58.62499458,-5.001708269"
Scotland,Highland,Kincardine,Windgauge,259793.6478,891964.3715,57.89500316,-4.366966726,NH5979391964,"https://maps.nls.uk/geo/explore/#zoom=16&lat=57.89500316&lon=-4.366966726&layers=6&b=1&marker=57.89500316,-4.366966726"
Scotland,North Ayrshire,,Rain Gauge,202799.5874,619087.2899,55.42588418,-5.117869377,NS0279919087,"https://maps.nls.uk/geo/explore/#zoom=16&lat=55.42588418&lon=-5.117869377&layers=6&b=1&marker=55.42588418,-5.117869377"
Scotland,Scottish Borders,Tweedsmuir,Rain Gauge,309778.0368,623449.9938,55.49647707,-3.429665565,NT0977823449,"https://maps.nls.uk/geo/explore/#zoom=16&lat=55.49647707&lon=-3.429665565&layers=6&b=1&marker=55.49647707,-3.429665565"
Scotland,Scottish Borders,Tweedsmuir,Rain Gauge In connection with Edinburgh Water Works,314154.8897,614119.3874,55.41344989,-3.357524872,NT1415414119,"https://maps.nls.uk/geo/explore/#zoom=16&lat=55.41344989&lon=-3.357524872&layers=6&b=1&marker=55.41344989,-3.357524872"
Scotland,Scottish Borders,Tweedsmuir,Rain Gauge,316540.6729,617747.8589,55.44645732,-3.320939541,NT1654017747,"https://maps.nls.uk/geo/explore/#zoom=16&lat=55.44645732&lon=-3.320939541&layers=6&b=1&marker=55.44645732,-3.320939541"
Scotland,Scottish Borders,Tweedsmuir,Rain Gauge,313924.5585,617692.6526,55.44550802,-3.362267017,NT1392417692,"https://maps.nls.uk/geo/explore/#zoom=16&lat=55.44550802&lon=-3.362267017&layers=6&b=1&marker=55.44550802,-3.362267017"
Scotland,North Lanarkshire,Kilsyth,Rain Gauge,267598.8399,680311.3231,55.99742098,-4.124464989,NS6759880311,"https://maps.nls.uk/geo/explore/#zoom=16&lat=55.99742098&lon=-4.124464989&layers=6&b=1&marker=55.99742098,-4.124464989"
Scotland,North Lanarkshire,Shotts,Rain Gauge,280562.5995,663897.1814,55.85343084,-3.909480572,NS8056263897,"https://maps.nls.uk/geo/explore/#zoom=16&lat=55.85343084&lon=-3.909480572&layers=6&b=1&marker=55.85343084,-3.909480572"
Scotland,Scottish Borders,Tweedsmuir,Rain Gauge,313756.9499,617662.0676,55.44520376,-3.364906311,NT1375617662,"https://maps.nls.uk/geo/explore/#zoom=16&lat=55.44520376&lon=-3.364906311&layers=6&b=1&marker=55.44520376,-3.364906311"
Scotland,Stirling,Strathblane,Gauge Basins,255698.3062,676467.8533,55.95948308,-4.31304574,NS5569876467,"https://maps.nls.uk/geo/explore/#zoom=16&lat=55.95948308&lon=-4.31304574&layers=6&b=1&marker=55.95948308,-4.31304574"
Scotland,East Dunbartonshire,New Kilpatrick,Gauge Basin,256196.75,675975.5233,55.95521274,-4.304805994,NS5619675975,"https://maps.nls.uk/geo/explore/#zoom=16&lat=55.95521274&lon=-4.304805994&layers=6&b=1&marker=55.95521274,-4.304805994"
Scotland,Aberdeenshire,Banchory-Ternan,Rain Gauge,366525.2729,796514.4448,57.05845825,-2.553527355,NO6652596514,"https://maps.nls.uk/geo/explore/#zoom=16&lat=57.05845825&lon=-2.553527355&layers=6&b=1&marker=57.05845825,-2.553527355"
Scotland,Fife,,Rain Gauge,365396.8286,699446.3391,56.18637973,-2.559084892,NT6539699446,"https://maps.nls.uk/geo/explore/#zoom=16&lat=56.18637973&lon=-2.559084892&layers=6&b=1&marker=56.18637973,-2.559084892"
Scotland,Highland,Tarbat,Rain Gauge,294523.0764,887466.1135,57.86418504,-3.779459954,NH9452387466,"https://maps.nls.uk/geo/explore/#zoom=16&lat=57.86418504&lon=-3.779459954&layers=6&b=1&marker=57.86418504,-3.779459954"
Scotland,Scottish Borders,Eccles,Water Gauge,379607.8323,638880.3543,55.64303893,-2.325539589,NT7960738880,"https://maps.nls.uk/geo/explore/#zoom=16&lat=55.64303893&lon=-2.325539589&layers=6&b=1&marker=55.64303893,-2.325539589"
Scotland,Perth and Kinross,,tide gauge,313165.982,721707.5946,56.37965244,-3.407714367,NO1316521707,"https://maps.nls.uk/geo/explore/#zoom=16&lat=56.37965244&lon=-3.407714367&layers=6&b=1&marker=56.37965244,-3.407714367"
Scotland,Moray,Drainie,Rain Gauge,320380.4186,871082.6719,57.72242873,-3.338341713,NJ2038071082,"https://maps.nls.uk/geo/explore/#zoom=16&lat=57.72242873&lon=-3.338341713&layers=6&b=1&marker=57.72242873,-3.338341713"
Scotland,Renfrewshire,Lochwinnoch,Rain Gauge,240359.3853,657828.4358,55.78732294,-4.547502995,NS4035957828,"https://maps.nls.uk/geo/explore/#zoom=16&lat=55.78732294&lon=-4.547502995&layers=6&b=1&marker=55.78732294,-4.547502995"
Scotland,Shetland Islands,Dunrossness,Rain Gauge,440775.8733,1107964.313,59.85485949,-1.273941994,HU4077507964,"https://maps.nls.uk/geo/explore/#zoom=16&lat=59.85485949&lon=-1.273941994&layers=6&b=1&marker=59.85485949,-1.273941994"
Scotland,Scottish Borders,Coldstream,Water Gauge,384130.2446,639385.7042,55.64774927,-2.25372076,NT8413039385,"https://maps.nls.uk/geo/explore/#zoom=16&lat=55.64774927&lon=-2.25372076&layers=6&b=1&marker=55.64774927,-2.25372076"
England,Rochdale,Rochdale (Un-parished),Rain Gauges,396037.3311,412388.687,53.60803944,-2.061363459,SD9603712388,"https://maps.nls.uk/geo/explore/#zoom=16&lat=53.60803944&lon=-2.061363459&layers=6&b=1&marker=53.60803944,-2.061363459"
England,Great Yarmouth,Great Yarmouth (Un-parished),Tide Gauge,653276.5764,303654.7224,52.57168792,1.736301184,TG5327603654,"https://maps.nls.uk/geo/explore/#zoom=16&lat=52.57168792&lon=1.736301184&layers=6&b=1&marker=52.57168792,1.736301184"
England,Tameside,Tameside (Un-parished),Water Gauge,400262.3753,395008.1515,53.45183278,-1.997516155,SK0026295008,"https://maps.nls.uk/geo/explore/#zoom=16&lat=53.45183278&lon=-1.997516155&layers=6&b=1&marker=53.45183278,-1.997516155"
England,Copeland,,Tide Gauge,318200.7433,478022.7587,54.19141976,-3.255150318,SD1820078022,"https://maps.nls.uk/geo/explore/#zoom=16&lat=54.19141976&lon=-3.255150318&layers=6&b=1&marker=54.19141976,-3.255150318"
England,West Devon,Dartmoor Forest,Rain Gauge,258209.719,73703.28047,50.54585608,-4.002585411,SX5820973703,"https://maps.nls.uk/geo/explore/#zoom=16&lat=50.54585608&lon=-4.002585411&layers=6&b=1&marker=50.54585608,-4.002585411"
England,West Devon,Dartmoor Forest,Rain Gauge,257749.5281,74124.5905,50.5495307,-4.009237289,SX5774974124,"https://maps.nls.uk/geo/explore/#zoom=16&lat=50.5495307&lon=-4.009237289&layers=6&b=1&marker=50.5495307,-4.009237289"
England,West Devon,Dartmoor Forest,Rain Gauge,259501.6306,76727.01691,50.57334405,-3.985505104,SX5950176727,"https://maps.nls.uk/geo/explore/#zoom=16&lat=50.57334405&lon=-3.985505104&layers=6&b=1&marker=50.57334405,-3.985505104"
England,Bath and North East Somerset,Chew Magna,Compensation Reservoir (Gauge Pond) Bristol W. W. Co.,356471.9464,163243.8107,51.3665787,-2.626637936,ST5647163243,"https://maps.nls.uk/geo/explore/#zoom=16&lat=51.3665787&lon=-2.626637936&layers=6&b=1&marker=51.3665787,-2.626637936"
England,North Somerset,Barrow Gurney,Gauge House,353757.5764,167822.6122,51.40753176,-2.666223049,ST5375767822,"https://maps.nls.uk/geo/explore/#zoom=16&lat=51.40753176&lon=-2.666223049&layers=6&b=1&marker=51.40753176,-2.666223049"
England,North Somerset,Barrow Gurney,Gauge House,352763.5091,167822.8153,51.40745145,-2.680513859,ST5276367822,"https://maps.nls.uk/geo/explore/#zoom=16&lat=51.40745145&lon=-2.680513859&layers=6&b=1&marker=51.40745145,-2.680513859"
England,Daventry,Ravensthorpe,gauge,468076.4691,270474.889,52.3281534,-1.002480984,SP6807670474,"https://maps.nls.uk/geo/explore/#zoom=16&lat=52.3281534&lon=-1.002480984&layers=6&b=1&marker=52.3281534,-1.002480984"
England,North Somerset,Yatton,Water Gauge,345007.9623,167975.1783,51.40812068,-2.792029381,ST4500767975,"https://maps.nls.uk/geo/explore/#zoom=16&lat=51.40812068&lon=-2.792029381&layers=6&b=1&marker=51.40812068,-2.792029381"
England,Cornwall,Mullion,Wind Gauge,166315.8125,19517.31931,50.02984011,-5.264264345,SW6631519517,"https://maps.nls.uk/geo/explore/#zoom=16&lat=50.02984011&lon=-5.264264345&layers=6&b=1&marker=50.02984011,-5.264264345"
England,West Devon,Sheepstor,Rain Gauge,255345.2169,68040.2093,50.49425841,-4.040790796,SX5534568040,"https://maps.nls.uk/geo/explore/#zoom=16&lat=50.49425841&lon=-4.040790796&layers=6&b=1&marker=50.49425841,-4.040790796"
England,West Devon,Sheepstor,Rain Gauge,255725.4094,68214.30595,50.4959169,-4.03550148,SX5572568214,"https://maps.nls.uk/geo/explore/#zoom=16&lat=50.4959169&lon=-4.03550148&layers=6&b=1&marker=50.4959169,-4.03550148"
England,West Devon,Meavy,Rain Gauge,255247.3838,68774.17901,50.50083062,-4.042453766,SX5524768774,"https://maps.nls.uk/geo/explore/#zoom=16&lat=50.50083062&lon=-4.042453766&layers=6&b=1&marker=50.50083062,-4.042453766"
England,West Devon,Walkampton,Rain Gauge,256620.5834,69766.85451,50.51009024,-4.023485184,SX5662069766,"https://maps.nls.uk/geo/explore/#zoom=16&lat=50.51009024&lon=-4.023485184&layers=6&b=1&marker=50.51009024,-4.023485184"
England,West Devon,Sheepstor,Rain Gauge,256987.3178,68304.38649,50.49703618,-4.017755985,SX5698768304,"https://maps.nls.uk/geo/explore/#zoom=16&lat=50.49703618&lon=-4.017755985&layers=6&b=1&marker=50.49703618,-4.017755985"
England,North Somerset,Churchill,Gauge House,346453.4767,159297.8706,51.33024294,-2.769938707,ST4645359297,"https://maps.nls.uk/geo/explore/#zoom=16&lat=51.33024294&lon=-2.769938707&layers=6&b=1&marker=51.33024294,-2.769938707"
England,North Somerset,Burrington,Gauge Ho.,348560.9265,159303.7725,51.33049097,-2.739694118,ST4856059303,"https://maps.nls.uk/geo/explore/#zoom=16&lat=51.33049097&lon=-2.739694118&layers=6&b=1&marker=51.33049097,-2.739694118"
England,St Albans,Harpenden Rural,Rain Gauge,513075.2295,213255.362,51.80651187,-0.361347198,TL1307513255,"https://maps.nls.uk/geo/explore/#zoom=16&lat=51.80651187&lon=-0.361347198&layers=6&b=1&marker=51.80651187,-0.361347198"
England,North Devon,Ilfracombe,gauge,250573.9452,145724.6896,51.19115571,-4.139721394,SS5057345724,"https://maps.nls.uk/geo/explore/#zoom=16&lat=51.19115571&lon=-4.139721394&layers=6&b=1&marker=51.19115571,-4.139721394"
England,North Devon,Barnstaple,Gauge,257061.541,133126.2929,51.07960349,-4.041944146,SS5706133126,"https://maps.nls.uk/geo/explore/#zoom=16&lat=51.07960349&lon=-4.041944146&layers=6&b=1&marker=51.07960349,-4.041944146"
England,East Hertfordshire,Hertford,Gauge House,533845.4647,213786.967,51.8067072,-0.060060024,TL3384513786,"https://maps.nls.uk/geo/explore/#zoom=16&lat=51.8067072&lon=-0.060060024&layers=6&b=1&marker=51.8067072,-0.060060024"
England,Gravesham,Cobham,Water Gauge,568218.5901,169260.3806,51.3974385,0.41672945,TQ6821869260,"https://maps.nls.uk/geo/explore/#zoom=16&lat=51.3974385&lon=0.41672945&layers=6&b=1&marker=51.3974385,0.41672945"
England,Isles of Scilly,St Mary's,Wind Gauge,89703.2293,10465.59614,49.91369245,-6.323876381,SV8970310465,"https://maps.nls.uk/geo/explore/#zoom=16&lat=49.91369245&lon=-6.323876381&layers=6&b=1&marker=49.91369245,-6.323876381"
England,Lancaster,,Tide Gauge,339509.1638,460019.8885,54.03260082,-2.925024033,SD3950960019,"https://maps.nls.uk/geo/explore/#zoom=16&lat=54.03260082&lon=-2.925024033&layers=6&b=1&marker=54.03260082,-2.925024033"
England,Kirklees,Meltham,Rain Gauge,408617.344,411490.8439,53.59991631,-1.871259212,SE0861711490,"https://maps.nls.uk/geo/explore/#zoom=16&lat=53.59991631&lon=-1.871259212&layers=6&b=1&marker=53.59991631,-1.871259212"
England,Oldham,Saddleworth,Rain Gauge,400334.3103,410907.9721,53.59474622,-1.996421814,SE0033410907,"https://maps.nls.uk/geo/explore/#zoom=16&lat=53.59474622&lon=-1.996421814&layers=6&b=1&marker=53.59474622,-1.996421814"
England,North Lincolnshire,New Holland,Rain Gauge,508080.4594,424286.7447,53.70383294,-0.364222527,TA0808024286,"https://maps.nls.uk/geo/explore/#zoom=16&lat=53.70383294&lon=-0.364222527&layers=6&b=1&marker=53.70383294,-0.364222527"
England,Kingston upon Hull,,Tidal Gauge,507959.7462,427070.0697,53.72886444,-0.365080833,TA0795927070,"https://maps.nls.uk/geo/explore/#zoom=16&lat=53.72886444&lon=-0.365080833&layers=6&b=1&marker=53.72886444,-0.365080833"
England,South Lakeland,Coniston,Rain Gauge,331636.9961,498107.4569,54.37386472,-3.053866625,SD3163698107,"https://maps.nls.uk/geo/explore/#zoom=16&lat=54.37386472&lon=-3.053866625&layers=6&b=1&marker=54.37386472,-3.053866625"
England,Allerdale,St.Johns Castlerigg and Wythburn,Old Rain Gauge,334269.691,514115.7158,54.51805504,-3.016905785,NY3426914115,"https://maps.nls.uk/geo/explore/#zoom=16&lat=54.51805504&lon=-3.016905785&layers=6&b=1&marker=54.51805504,-3.016905785"
England,Craven,Barden,Rain Gauges,403519.3011,456296.6681,54.00268656,-1.947798729,SE0351956296,"https://maps.nls.uk/geo/explore/#zoom=16&lat=54.00268656&lon=-1.947798729&layers=6&b=1&marker=54.00268656,-1.947798729"
England,Bradford,Cullingworth,Rain Gauges,407225.2042,435656.6686,53.81714127,-1.891740561,SE0722535656,"https://maps.nls.uk/geo/explore/#zoom=16&lat=53.81714127&lon=-1.891740561&layers=6&b=1&marker=53.81714127,-1.891740561"
England,Craven,Cowling,Rain Gauge,394423.1348,441587.4947,53.87046426,-2.086297274,SD9442341587,"https://maps.nls.uk/geo/explore/#zoom=16&lat=53.87046426&lon=-2.086297274&layers=6&b=1&marker=53.87046426,-2.086297274"
England,Burnley,Worsthorne-With-Hurstwood,Gauge House,387613.8861,433410.2235,53.79684881,-2.189519405,SD8761333410,"https://maps.nls.uk/geo/explore/#zoom=16&lat=53.79684881&lon=-2.189519405&layers=6&b=1&marker=53.79684881,-2.189519405"
England,Burnley,Worsthorne-With-Hurstwood,Rain Gauge,388548.2035,433426.856,53.7970199,-2.175335884,SD8854833426,"https://maps.nls.uk/geo/explore/#zoom=16&lat=53.7970199&lon=-2.175335884&layers=6&b=1&marker=53.7970199,-2.175335884"
England,Burnley,Cliviger,Rain Gauge,388935.4637,429275.5486,53.75971664,-2.169306278,SD8893529275,"https://maps.nls.uk/geo/explore/#zoom=16&lat=53.75971664&lon=-2.169306278&layers=6&b=1&marker=53.75971664,-2.169306278"
England,Burnley,Worsthorne-With-Hurstwood,Rain Gauge,389179.4448,431252.2841,53.77748865,-2.16567564,SD8917931252,"https://maps.nls.uk/geo/explore/#zoom=16&lat=53.77748865&lon=-2.16567564&layers=6&b=1&marker=53.77748865,-2.16567564"
England,Burnley,Worsthorne-With-Hurstwood,Rain Gauge,389401.9363,430103.2723,53.767166,-2.162259588,SD8940130103,"https://maps.nls.uk/geo/explore/#zoom=16&lat=53.767166&lon=-2.162259588&layers=6&b=1&marker=53.767166,-2.162259588"
England,Craven,Flasby With Winterburn,Rain Gauge,393861.0304,457422.7801,54.01278099,-2.095170021,SD9386157422,"https://maps.nls.uk/geo/explore/#zoom=16&lat=54.01278099&lon=-2.095170021&layers=6&b=1&marker=54.01278099,-2.095170021"
England,Craven,Bank Newton,Rain Gauge,391003.2921,452541.9578,53.96887141,-2.138632536,SD9100352541,"https://maps.nls.uk/geo/explore/#zoom=16&lat=53.96887141&lon=-2.138632536&layers=6&b=1&marker=53.96887141,-2.138632536"
England,Pendle,Foulridge,Rain Gauge,389181.8108,441438.4713,53.86904091,-2.166001797,SD8918141438,"https://maps.nls.uk/geo/explore/#zoom=16&lat=53.86904091&lon=-2.166001797&layers=6&b=1&marker=53.86904091,-2.166001797"
England,Pendle,Barley-With-Wheatley Booth,Rain Gauge,381567.4724,439811.2764,53.85419984,-2.281697273,SD8156739811,"https://maps.nls.uk/geo/explore/#zoom=16&lat=53.85419984&lon=-2.281697273&layers=6&b=1&marker=53.85419984,-2.281697273"
England,Ribble Valley,Easington,Rain Gauge,374429.8552,458927.8443,54.02570662,-2.391809464,SD7442958927,"https://maps.nls.uk/geo/explore/#zoom=16&lat=54.02570662&lon=-2.391809464&layers=6&b=1&marker=54.02570662,-2.391809464"
England,Ribble Valley,Sabden,Rain Gauge,378450.7341,438174.4079,53.83936743,-2.328962088,SD7845038174,"https://maps.nls.uk/geo/explore/#zoom=16&lat=53.83936743&lon=-2.328962088&layers=6&b=1&marker=53.83936743,-2.328962088"
England,Ryedale,Birdsall,Rain Gauge,481792.1175,465077.2476,54.0751381,-0.751456253,SE8179265077,"https://maps.nls.uk/geo/explore/#zoom=16&lat=54.0751381&lon=-0.751456253&layers=6&b=1&marker=54.0751381,-0.751456253"
England,East Riding of Yorkshire,Easington,Rain Gauge,540244.845,411213.291,53.57876718,0.116804838,TA4024411213,"https://maps.nls.uk/geo/explore/#zoom=16&lat=53.57876718&lon=0.116804838&layers=6&b=1&marker=53.57876718,0.116804838"
England,Hambleton,East Rounton,Rain Gauge,442969.8248,503110.3158,54.42162208,-1.339280605,NZ4296903110,"https://maps.nls.uk/geo/explore/#zoom=16&lat=54.42162208&lon=-1.339280605&layers=6&b=1&marker=54.42162208,-1.339280605"
England,Richmondshire,Gilling With Hartforth  And Sedbury,Water Gauge,418809.5655,505868.6798,54.44787301,-1.711442471,NZ1880905868,"https://maps.nls.uk/geo/explore/#zoom=16&lat=54.44787301&lon=-1.711442471&layers=6&b=1&marker=54.44787301,-1.711442471"
England,County Durham,Lunedale,Rain Gauge,391930.3013,521225.6062,54.58616143,-2.126380205,NY9193021225,"https://maps.nls.uk/geo/explore/#zoom=16&lat=54.58616143&lon=-2.126380205&layers=6&b=1&marker=54.58616143,-2.126380205"
England,County Durham,Cotherstone,Rain Gauge,396697.157,519256.0903,54.56851651,-2.052598,NY9669719256,"https://maps.nls.uk/geo/explore/#zoom=16&lat=54.56851651&lon=-2.052598&layers=6&b=1&marker=54.56851651,-2.052598"
England,Chorley,Anglezarke,Rain Gauge,362134.5687,416266.055,53.64152769,-2.574212551,SD6213416266,"https://maps.nls.uk/geo/explore/#zoom=16&lat=53.64152769&lon=-2.574212551&layers=6&b=1&marker=53.64152769,-2.574212551"
England,Chorley,Anglezarke,Rain Gauge,362938.4445,417903.2813,53.65630039,-2.562249899,SD6293817903,"https://maps.nls.uk/geo/explore/#zoom=16&lat=53.65630039&lon=-2.562249899&layers=6&b=1&marker=53.65630039,-2.562249899"
England,Blackburn With Darwen,Tockholes,Rain Gauge,365750.163,422455.3046,53.6974052,-2.520212173,SD6575022455,"https://maps.nls.uk/geo/explore/#zoom=16&lat=53.6974052&lon=-2.520212173&layers=6&b=1&marker=53.6974052,-2.520212173"
England,Chorley,Rivington,Rain Gauges,363156.4096,412608.432,53.60872691,-2.558323145,SD6315612608,"https://maps.nls.uk/geo/explore/#zoom=16&lat=53.60872691&lon=-2.558323145&layers=6&b=1&marker=53.60872691,-2.558323145"
England,Chorley,Withnell,Rain Gauge,364701.4151,419051.1242,53.66673927,-2.535706758,SD6470119051,"https://maps.nls.uk/geo/explore/#zoom=16&lat=53.66673927&lon=-2.535706758&layers=6&b=1&marker=53.66673927,-2.535706758"
England,Shropshire,Cheswardine,Water Gauge,373512.4158,328291.759,52.85146648,-2.394770625,SJ7351228291,"https://maps.nls.uk/geo/explore/#zoom=16&lat=52.85146648&lon=-2.394770625&layers=6&b=1&marker=52.85146648,-2.394770625"
England,Burnley,Dunnockshaw,Rain Gauge,382491.6419,428163.3152,53.74954189,-2.266981602,SD8249128163,"https://maps.nls.uk/geo/explore/#zoom=16&lat=53.74954189&lon=-2.266981602&layers=6&b=1&marker=53.74954189,-2.266981602"
England,Chorley,Heapey,Rain Gauge,362652.5652,419134.9072,53.6673495,-2.566723824,SD6265219134,"https://maps.nls.uk/geo/explore/#zoom=16&lat=53.6673495&lon=-2.566723824&layers=6&b=1&marker=53.6673495,-2.566723824"
England,Blackburn With Darwen,North Turton,Rain Gauge,374283.8031,419822.3025,53.6742318,-2.390749454,SD7428319822,"https://maps.nls.uk/geo/explore/#zoom=16&lat=53.6742318&lon=-2.390749454&layers=6&b=1&marker=53.6742318,-2.390749454"
England,Chorley,Rivington,Rain Gauge,363981.0458,415808.6234,53.63754714,-2.546231747,SD6398115808,"https://maps.nls.uk/geo/explore/#zoom=16&lat=53.63754714&lon=-2.546231747&layers=6&b=1&marker=53.63754714,-2.546231747"
England,Blackburn With Darwen,North Turton,Rain Gauge,369141.8262,414379.0729,53.62502931,-2.468039989,SD6914114379,"https://maps.nls.uk/geo/explore/#zoom=16&lat=53.62502931&lon=-2.468039989&layers=6&b=1&marker=53.62502931,-2.468039989"
England,Boston,,Tide Gauge,535996.197,340038.7148,52.94051777,0.022283792,TF3599640038,"https://maps.nls.uk/geo/explore/#zoom=16&lat=52.94051777&lon=0.022283792&layers=6&b=1&marker=52.94051777,0.022283792"
England,Boston,,Tide Gauge,533936.0841,342700.8222,52.96495109,-0.007252693,TF3393642700,"https://maps.nls.uk/geo/explore/#zoom=16&lat=52.96495109&lon=-0.007252693&layers=6&b=1&marker=52.96495109,-0.007252693"
England,Craven,Threshfield,Rain Gauge,395005.4353,464885.0746,54.0798615,-2.077832222,SD9500564885,"https://maps.nls.uk/geo/explore/#zoom=16&lat=54.0798615&lon=-2.077832222&layers=6&b=1&marker=54.0798615,-2.077832222"
England,Bradford,Denholme,Water Gauge,405718.7898,433659.788,53.79921186,-1.914657354,SE0571833659,"https://maps.nls.uk/geo/explore/#zoom=16&lat=53.79921186&lon=-1.914657354&layers=6&b=1&marker=53.79921186,-1.914657354"
England,Bradford,Oxenhope,Gauge,401488.2075,435186.3271,53.81296067,-1.978880167,SE0148835186,"https://maps.nls.uk/geo/explore/#zoom=16&lat=53.81296067&lon=-1.978880167&layers=6&b=1&marker=53.81296067,-1.978880167"
England,Burnley,Worsthorne-With-Hurstwood,Rain Gauge,389302.1663,430631.2243,53.77190915,-2.163791658,SD8930230631,"https://maps.nls.uk/geo/explore/#zoom=16&lat=53.77190915&lon=-2.163791658&layers=6&b=1&marker=53.77190915,-2.163791658"
England,Burnley,Worsthorne-With-Hurstwood,Rain Gauge,390091.0678,432622.9919,53.78982684,-2.15188694,SD9009132622,"https://maps.nls.uk/geo/explore/#zoom=16&lat=53.78982684&lon=-2.15188694&layers=6&b=1&marker=53.78982684,-2.15188694"
England,Burnley,Briercliffe,Gauge House,387696.1081,433714.5793,53.7995863,-2.188283439,SD8769633714,"https://maps.nls.uk/geo/explore/#zoom=16&lat=53.7995863&lon=-2.188283439&layers=6&b=1&marker=53.7995863,-2.188283439"
England,Craven,Gargrave,Rain Gauge,393968.1876,454985.884,53.99088035,-2.093485594,SD9396854985,"https://maps.nls.uk/geo/explore/#zoom=16&lat=53.99088035&lon=-2.093485594&layers=6&b=1&marker=53.99088035,-2.093485594"
England,Bradford,Silsden,Rain Gauge,404657.2601,447543.1314,53.92400365,-1.930568218,SE0465747543,"https://maps.nls.uk/geo/explore/#zoom=16&lat=53.92400365&lon=-1.930568218&layers=6&b=1&marker=53.92400365,-1.930568218"
England,West Lancashire,Rufford,Rain Gauge,346066.1557,415819.2512,53.63609934,-2.817156315,SD4606615819,"https://maps.nls.uk/geo/explore/#zoom=16&lat=53.63609934&lon=-2.817156315&layers=6&b=1&marker=53.63609934,-2.817156315"
England,Wirral,,Tide Gauge,318325.4604,388270.0551,53.38493456,-3.229422569,SJ1832588270,"https://maps.nls.uk/geo/explore/#zoom=16&lat=53.38493456&lon=-3.229422569&layers=6&b=1&marker=53.38493456,-3.229422569"
England,West Lancashire,Wrightington,Gauger's House,350652.0405,413374.433,53.6145801,-2.74741888,SD5065213374,"https://maps.nls.uk/geo/explore/#zoom=16&lat=53.6145801&lon=-2.74741888&layers=6&b=1&marker=53.6145801,-2.74741888"
England,West Lancashire,Downholland,Rain Gauge,332494.1609,409462.7809,53.57739763,-3.0210042,SD3249409462,"https://maps.nls.uk/geo/explore/#zoom=16&lat=53.57739763&lon=-3.0210042&layers=6&b=1&marker=53.57739763,-3.0210042"
England,Fylde,Weeton-With-Preese,Gauge,339609.1817,434438.667,53.80272405,-2.918436527,SD3960934438,"https://maps.nls.uk/geo/explore/#zoom=16&lat=53.80272405&lon=-2.918436527&layers=6&b=1&marker=53.80272405,-2.918436527"
England,Harrogate,Haverah Park,Rain Gauge,424716.5241,453298.598,53.97516679,-1.624656916,SE2471653298,"https://maps.nls.uk/geo/explore/#zoom=16&lat=53.97516679&lon=-1.624656916&layers=6&b=1&marker=53.97516679,-1.624656916"
England,Harrogate,Eavestone,Rain Gauge,421157.3204,468262.4645,54.10981083,-1.677882671,SE2115768262,"https://maps.nls.uk/geo/explore/#zoom=16&lat=54.10981083&lon=-1.677882671&layers=6&b=1&marker=54.10981083,-1.677882671"
England,Harrogate,Haverah Park,Rain Gauge,422229.666,454608.5868,53.9870527,-1.662476063,SE2222954608,"https://maps.nls.uk/geo/explore/#zoom=16&lat=53.9870527&lon=-1.662476063&layers=6&b=1&marker=53.9870527,-1.662476063"
England,Ribble Valley,Bowland Forest High,Rain Gauge,362066.2015,456307.9382,54.00139763,-2.580199242,SD6206656307,"https://maps.nls.uk/geo/explore/#zoom=16&lat=54.00139763&lon=-2.580199242&layers=6&b=1&marker=54.00139763,-2.580199242"
England,Lancaster,Over Wyresdale,Rain Gauge,356214.1814,454295.6306,53.98284869,-2.669179919,SD5621454295,"https://maps.nls.uk/geo/explore/#zoom=16&lat=53.98284869&lon=-2.669179919&layers=6&b=1&marker=53.98284869,-2.669179919"
England,Ribble Valley,Bowland Forest High,Rain Gauge,365276.5588,454312.0453,53.9836865,-2.530996799,SD6527654312,"https://maps.nls.uk/geo/explore/#zoom=16&lat=53.9836865&lon=-2.530996799&layers=6&b=1&marker=53.9836865,-2.530996799"
England,Ribble Valley,Bowland Forest High,Rain Gauge,368058.7444,456579.8277,54.00424786,-2.488811016,SD6805856579,"https://maps.nls.uk/geo/explore/#zoom=16&lat=54.00424786&lon=-2.488811016&layers=6&b=1&marker=54.00424786,-2.488811016"
England,Chorley,Withnell,Rain Gauge,363914.6346,420907.6444,53.68337129,-2.547830343,SD6391420907,"https://maps.nls.uk/geo/explore/#zoom=16&lat=53.68337129&lon=-2.547830343&layers=6&b=1&marker=53.68337129,-2.547830343"
England,Craven,Malham Moor,Rain Gauge,392616.5618,464357.454,54.07509026,-2.114331722,SD9261664357,"https://maps.nls.uk/geo/explore/#zoom=16&lat=54.07509026&lon=-2.114331722&layers=6&b=1&marker=54.07509026,-2.114331722"
England,Craven,Bordley,Rain Gauge,393454.7687,463372.7053,54.06625132,-2.101500034,SD9345463372,"https://maps.nls.uk/geo/explore/#zoom=16&lat=54.06625132&lon=-2.101500034&layers=6&b=1&marker=54.06625132,-2.101500034"
England,Craven,Flasby With Winterburn,Rain Gauge,393441.2591,461793.4191,54.05205724,-2.101671696,SD9344161793,"https://maps.nls.uk/geo/explore/#zoom=16&lat=54.05205724&lon=-2.101671696&layers=6&b=1&marker=54.05205724,-2.101671696"
England,Craven,Hetton,Rain Gauge,394640.4115,460120.1712,54.03703293,-2.083325386,SD9464060120,"https://maps.nls.uk/geo/explore/#zoom=16&lat=54.03703293&lon=-2.083325386&layers=6&b=1&marker=54.03703293,-2.083325386"
England,Craven,Flasby With Winterburn,Gauge House,394291.7075,459976.18,54.03573498,-2.088646889,SD9429159976,"https://maps.nls.uk/geo/explore/#zoom=16&lat=54.03573498&lon=-2.088646889&layers=6&b=1&marker=54.03573498,-2.088646889"
England,Craven,Bordley,Rain Gauge,395438.8599,463120.875,54.06400981,-2.071180344,SD9543863120,"https://maps.nls.uk/geo/explore/#zoom=16&lat=54.06400981&lon=-2.071180344&layers=6&b=1&marker=54.06400981,-2.071180344"
England,Craven,Appletreewick,Rain Gauge,406213.0456,464180.855,54.07352155,-1.906544206,SE0621364180,"https://maps.nls.uk/geo/explore/#zoom=16&lat=54.07352155&lon=-1.906544206&layers=6&b=1&marker=54.07352155,-1.906544206"
England,Craven,Bordley,Rain Gauge,393647.6204,466572.4479,54.09501152,-2.098621703,SD9364766572,"https://maps.nls.uk/geo/explore/#zoom=16&lat=54.09501152&lon=-2.098621703&layers=6&b=1&marker=54.09501152,-2.098621703"
England,Harrogate,Haverah Park,Rain Gauge,422916.0228,454665.8101,53.98753717,-1.652004719,SE2291654665,"https://maps.nls.uk/geo/explore/#zoom=16&lat=53.98753717&lon=-1.652004719&layers=6&b=1&marker=53.98753717,-1.652004719"
England,Harrogate,Grantley,Rain Gauge,422141.0784,470696.1046,54.13164154,-1.662658453,SE2214170696,"https://maps.nls.uk/geo/explore/#zoom=16&lat=54.13164154&lon=-1.662658453&layers=6&b=1&marker=54.13164154,-1.662658453"
England,Harrogate,Laverton,Gauge Post,422368.4204,470743.7551,54.13206,-1.659175872,SE2236870743,"https://maps.nls.uk/geo/explore/#zoom=16&lat=54.13206&lon=-1.659175872&layers=6&b=1&marker=54.13206,-1.659175872"
England,Northumberland,Chollerton,Gauge House (Newcastle & Gateshead Water Works),394221.0596,576381.2372,55.08184333,-2.092058659,NY9422176381,"https://maps.nls.uk/geo/explore/#zoom=16&lat=55.08184333&lon=-2.092058659&layers=6&b=1&marker=55.08184333,-2.092058659"
England,Bassetlaw,Misterton,Water Gauges,477703.9928,395188.2578,53.44773978,-0.831484795,SK7770395188,"https://maps.nls.uk/geo/explore/#zoom=16&lat=53.44773978&lon=-0.831484795&layers=6&b=1&marker=53.44773978,-0.831484795"
England,Northumberland,Horsley,Gauge House,407576.7999,567183.3253,54.9991691,-1.883093119,NZ0757667183,"https://maps.nls.uk/geo/explore/#zoom=16&lat=54.9991691&lon=-1.883093119&layers=6&b=1&marker=54.9991691,-1.883093119"
England,Preston,Goosnargh,Rain Gauge,357675.496,441562.4049,53.86853482,-2.645130157,SD5767541562,"https://maps.nls.uk/geo/explore/#zoom=16&lat=53.86853482&lon=-2.645130157&layers=6&b=1&marker=53.86853482,-2.645130157"
England,Calderdale,Ripponden,Rain Gauge,399664.4242,415630.808,53.63719601,-2.006549835,SD9966415630,"https://maps.nls.uk/geo/explore/#zoom=16&lat=53.63719601&lon=-2.006549835&layers=6&b=1&marker=53.63719601,-2.006549835"
England,Oldham,Saddleworth,rain gauge,399758.3707,410309.3258,53.58936536,-2.0051229,SD9975810309,"https://maps.nls.uk/geo/explore/#zoom=16&lat=53.58936536&lon=-2.0051229&layers=6&b=1&marker=53.58936536,-2.0051229"
England,Oldham,Shaw and Crompton,rain gauge,395626.6116,409724.0563,53.58408571,-2.067532539,SD9562609724,"https://maps.nls.uk/geo/explore/#zoom=16&lat=53.58408571&lon=-2.067532539&layers=6&b=1&marker=53.58408571,-2.067532539"
England,Calderdale,Ripponden,Rain Gauge,398036.5649,417678.3647,53.65559589,-2.031183243,SD9803617678,"https://maps.nls.uk/geo/explore/#zoom=16&lat=53.65559589&lon=-2.031183243&layers=6&b=1&marker=53.65559589,-2.031183243"
England,Oldham,Saddleworth,rain gauge,398565.9822,410393.879,53.59012318,-2.023136616,SD9856510393,"https://maps.nls.uk/geo/explore/#zoom=16&lat=53.59012318&lon=-2.023136616&layers=6&b=1&marker=53.59012318,-2.023136616"
England,Barnsley,Langsett,Rain Gauge,420467.5256,400478.9387,53.50061289,-1.692913771,SE2046700478,"https://maps.nls.uk/geo/explore/#zoom=16&lat=53.50061289&lon=-1.692913771&layers=6&b=1&marker=53.50061289,-1.692913771"
England,Cheshire East,Lyme Handley,Rain Gauge,396920.2001,379325.3945,53.31085737,-2.047684193,SJ9692079325,"https://maps.nls.uk/geo/explore/#zoom=16&lat=53.31085737&lon=-2.047684193&layers=6&b=1&marker=53.31085737,-2.047684193"
England,South Staffordshire,Brewood,rain gauge,386033.555,310375.2072,52.69087947,-2.208069563,SJ8603310375,"https://maps.nls.uk/geo/explore/#zoom=16&lat=52.69087947&lon=-2.208069563&layers=6&b=1&marker=52.69087947,-2.208069563"
England,Walsall,Essington,Rain Gauge,398145.7891,302515.5054,52.62040267,-2.028822899,SJ9814502515,"https://maps.nls.uk/geo/explore/#zoom=16&lat=52.62040267&lon=-2.028822899&layers=6&b=1&marker=52.62040267,-2.028822899"
England,Waveney,Lound,Rain Gauge,649858.5744,300886.8143,52.54843566,1.68389082,TG4985800886,"https://maps.nls.uk/geo/explore/#zoom=16&lat=52.54843566&lon=1.68389082&layers=6&b=1&marker=52.54843566,1.68389082"
England,Wakefield,Wintersett,Water Gauge,437952.2395,415079.3925,53.63087262,-1.427568197,SE3795215079,"https://maps.nls.uk/geo/explore/#zoom=16&lat=53.63087262&lon=-1.427568197&layers=6&b=1&marker=53.63087262,-1.427568197"
England,Wakefield,Wintersett,Water Gauge,438171.0537,415045.0563,53.63054815,-1.424263716,SE3817115045,"https://maps.nls.uk/geo/explore/#zoom=16&lat=53.63054815&lon=-1.424263716&layers=6&b=1&marker=53.63054815,-1.424263716"
England,Wakefield,Wintersett,Water Gauge,437360.2582,414826.2058,53.62863948,-1.436549843,SE3736014826,"https://maps.nls.uk/geo/explore/#zoom=16&lat=53.62863948&lon=-1.436549843&layers=6&b=1&marker=53.62863948,-1.436549843"
England,Eden,Matterdale,Rain Gauge,344063.022,521378.9156,54.58449831,-2.867023945,NY4406321378,"https://maps.nls.uk/geo/explore/#zoom=16&lat=54.58449831&lon=-2.867023945&layers=6&b=1&marker=54.58449831,-2.867023945"
England,Oldham,Saddleworth,rain gauge,398479.477,410788.5259,53.5936701,-2.024445534,SD9847910788,"https://maps.nls.uk/geo/explore/#zoom=16&lat=53.5936701&lon=-2.024445534&layers=6&b=1&marker=53.5936701,-2.024445534"
England,Oldham,Saddleworth,rain gauge,398482.2907,410711.3043,53.59297603,-2.024402618,SD9848210711,"https://maps.nls.uk/geo/explore/#zoom=16&lat=53.59297603&lon=-2.024402618&layers=6&b=1&marker=53.59297603,-2.024402618"
England,Calderdale,Ripponden,Rain Gauge,400301.3218,419070.4504,53.66811228,-1.99691534,SE0030119070,"https://maps.nls.uk/geo/explore/#zoom=16&lat=53.66811228&lon=-1.99691534&layers=6&b=1&marker=53.66811228,-1.99691534"
England,Calderdale,Ripponden,Gauge Basin,399743.8654,415494.9177,53.63597466,-2.005348206,SD9974315494,"https://maps.nls.uk/geo/explore/#zoom=16&lat=53.63597466&lon=-2.005348206&layers=6&b=1&marker=53.63597466,-2.005348206"
England,Oldham,Saddleworth,Rain Gauge,395684.8381,406680.8613,53.55673307,-2.066609859,SD9568406680,"https://maps.nls.uk/geo/explore/#zoom=16&lat=53.55673307&lon=-2.066609859&layers=6&b=1&marker=53.55673307,-2.066609859"
England,Oldham,Shaw and Crompton,rain gauge,395469.6181,409702.9504,53.58389463,-2.069903612,SD9546909702,"https://maps.nls.uk/geo/explore/#zoom=16&lat=53.58389463&lon=-2.069903612&layers=6&b=1&marker=53.58389463,-2.069903612"
England,Calderdale,Ripponden,Rain Gauge,397489.9466,419100.3164,53.66837416,-2.039465904,SD9748919100,"https://maps.nls.uk/geo/explore/#zoom=16&lat=53.66837416&lon=-2.039465904&layers=6&b=1&marker=53.66837416,-2.039465904"
England,Lancaster,Scotforth,Rain Gauge,349481.8858,458332.4451,54.01851122,-2.772502899,SD4948158332,"https://maps.nls.uk/geo/explore/#zoom=16&lat=54.01851122&lon=-2.772502899&layers=6&b=1&marker=54.01851122,-2.772502899"
England,Lancaster,Quernmore,New Gauge Basin (Lancaster Corporation Water Works),354171.2212,457632.6884,54.01266121,-2.700834274,SD5417157632,"https://maps.nls.uk/geo/explore/#zoom=16&lat=54.01266121&lon=-2.700834274&layers=6&b=1&marker=54.01266121,-2.700834274"
England,East Riding of Yorkshire,South Cave,Tide Gauge,489976.466,426675.4987,53.72872671,-0.637683389,SE8997626675,"https://maps.nls.uk/geo/explore/#zoom=16&lat=53.72872671&lon=-0.637683389&layers=6&b=1&marker=53.72872671,-0.637683389"
England,Harrogate,Blubberhouses,Rain Gauge,416589.7083,455363.1463,53.99404494,-1.748446226,SE1658955363,"https://maps.nls.uk/geo/explore/#zoom=16&lat=53.99404494&lon=-1.748446226&layers=6&b=1&marker=53.99404494,-1.748446226"
England,Harrogate,Norwood,Rain Gauge,422089.001,454005.3812,53.98163738,-1.664664745,SE2208954005,"https://maps.nls.uk/geo/explore/#zoom=16&lat=53.98163738&lon=-1.664664745&layers=6&b=1&marker=53.98163738,-1.664664745"
England,Harrogate,Little Timble,Rain Gauge,418715.1624,453837.0532,53.98025694,-1.716120243,SE1871553837,"https://maps.nls.uk/geo/explore/#zoom=16&lat=53.98025694&lon=-1.716120243&layers=6&b=1&marker=53.98025694,-1.716120243"
England,Harrogate,Norwood,Rain Gauge,419774.8802,452661.9122,53.96965606,-1.700037718,SE1977452661,"https://maps.nls.uk/geo/explore/#zoom=16&lat=53.96965606&lon=-1.700037718&layers=6&b=1&marker=53.96965606,-1.700037718"
England,Bradford,Ilkley,Rain Gauge,413401.1453,442063.9289,53.87460749,-1.797659397,SE1340142063,"https://maps.nls.uk/geo/explore/#zoom=16&lat=53.87460749&lon=-1.797659397&layers=6&b=1&marker=53.87460749,-1.797659397"
England,Bradford,Ilkley,Rain Gauge,412115.5465,442199.082,53.87585354,-1.817207336,SE1211542199,"https://maps.nls.uk/geo/explore/#zoom=16&lat=53.87585354&lon=-1.817207336&layers=6&b=1&marker=53.87585354,-1.817207336"
England,Harrogate,Fewston,Rain Gauge,418776.2436,454396.0539,53.98527879,-1.715154648,SE1877654396,"https://maps.nls.uk/geo/explore/#zoom=16&lat=53.98527879&lon=-1.715154648&layers=6&b=1&marker=53.98527879,-1.715154648"
England,Harrogate,Little Timble,Rain Gauge,419385.9781,452757.8846,53.97053326,-1.705960035,SE1938552757,"https://maps.nls.uk/geo/explore/#zoom=16&lat=53.97053326&lon=-1.705960035&layers=6&b=1&marker=53.97053326,-1.705960035"
England,Harrogate,Great Timble,Rain Gauge,417901.3895,452831.8706,53.97125141,-1.728587151,SE1790152831,"https://maps.nls.uk/geo/explore/#zoom=16&lat=53.97125141&lon=-1.728587151&layers=6&b=1&marker=53.97125141,-1.728587151"
England,Craven,Barden,Gauge Basins,403788.5038,456474.378,54.00428191,-1.943689585,SE0378856474,"https://maps.nls.uk/geo/explore/#zoom=16&lat=54.00428191&lon=-1.943689585&layers=6&b=1&marker=54.00428191,-1.943689585"
England,Harrogate,Kirkby Malzeard,Rain Gauge,419521.4405,474626.3635,54.16706954,-1.702494621,SE1952174626,"https://maps.nls.uk/geo/explore/#zoom=16&lat=54.16706954&lon=-1.702494621&layers=6&b=1&marker=54.16706954,-1.702494621"
England,Harrogate,Laverton,Rain Gauge,421386.8652,472337.5334,54.14642531,-1.674084663,SE2138672337,"https://maps.nls.uk/geo/explore/#zoom=16&lat=54.14642531&lon=-1.674084663&layers=6&b=1&marker=54.14642531,-1.674084663"
England,Harrogate,Healey,Rain Gauge,414398.0419,480082.5772,54.21627426,-1.780707836,SE1439880082,"https://maps.nls.uk/geo/explore/#zoom=16&lat=54.21627426&lon=-1.780707836&layers=6&b=1&marker=54.21627426,-1.780707836"
England,Harrogate,Healey,Rain Gauge,413828.4259,480587.593,54.22082852,-1.789419651,SE1382880587,"https://maps.nls.uk/geo/explore/#zoom=16&lat=54.22082852&lon=-1.789419651&layers=6&b=1&marker=54.22082852,-1.789419651"
England,Harrogate,Ilton-Cum-Pott,Rain Gauge,414343.4822,477358.7962,54.19179639,-1.781673431,SE1434377358,"https://maps.nls.uk/geo/explore/#zoom=16&lat=54.19179639&lon=-1.781673431&layers=6&b=1&marker=54.19179639,-1.781673431"
England,Harrogate,Healey,Rain Gauge,414355.1197,479029.6842,54.20681282,-1.781415939,SE1435579029,"https://maps.nls.uk/geo/explore/#zoom=16&lat=54.20681282&lon=-1.781415939&layers=6&b=1&marker=54.20681282,-1.781415939"
England,Harrogate,Laverton,Rain Gauge,418486.7357,473066.19,54.15308586,-1.718437672,SE1848673066,"https://maps.nls.uk/geo/explore/#zoom=16&lat=54.15308586&lon=-1.718437672&layers=6&b=1&marker=54.15308586,-1.718437672"
England,Richmondshire,Caldbergh With East Scrafton,Rain Gauge,411106.1166,481941.2034,54.23305941,-1.831120494,SE1110681941,"https://maps.nls.uk/geo/explore/#zoom=16&lat=54.23305941&lon=-1.831120494&layers=6&b=1&marker=54.23305941,-1.831120494"
England,Harrogate,Colsterdale,Rain Gauge,413686.9931,481387.6189,54.22802233,-1.791552546,SE1368681387,"https://maps.nls.uk/geo/explore/#zoom=16&lat=54.22802233&lon=-1.791552546&layers=6&b=1&marker=54.22802233,-1.791552546"
England,Harrogate,Healey,Rain Gauge,417987.5909,480532.1767,54.22020229,-1.725636721,SE1798780532,"https://maps.nls.uk/geo/explore/#zoom=16&lat=54.22020229&lon=-1.725636721&layers=6&b=1&marker=54.22020229,-1.725636721"
England,Harrogate,Stonebeck Up,Rain Gauge,407892.966,475815.9985,54.1780691,-1.880571842,SE0789275815,"https://maps.nls.uk/geo/explore/#zoom=16&lat=54.1780691&lon=-1.880571842&layers=6&b=1&marker=54.1780691,-1.880571842"
England,Harrogate,Laverton,Rain Gauge,419655.0388,470333.3352,54.12848172,-1.700726515,SE1965570333,"https://maps.nls.uk/geo/explore/#zoom=16&lat=54.12848172&lon=-1.700726515&layers=6&b=1&marker=54.12848172,-1.700726515"
England,Harrogate,Colsterdale,Rain Gauge,409217.6932,480179.2481,54.21726127,-1.860144138,SE0921780179,"https://maps.nls.uk/geo/explore/#zoom=16&lat=54.21726127&lon=-1.860144138&layers=6&b=1&marker=54.21726127,-1.860144138"
England,Harrogate,Ilton-Cum-Pott,Rain Gauge,414957.4313,477577.246,54.19374227,-1.772253513,SE1495777577,"https://maps.nls.uk/geo/explore/#zoom=16&lat=54.19374227&lon=-1.772253513&layers=6&b=1&marker=54.19374227,-1.772253513"
England,High Peak,Tintwistle,Gauge Basin,402187.3654,397046.3125,53.47014866,-1.968516111,SK0218797046,"https://maps.nls.uk/geo/explore/#zoom=16&lat=53.47014866&lon=-1.968516111&layers=6&b=1&marker=53.47014866,-1.968516111"
England,High Peak,Tintwistle,Weather Gauges,401112.6456,397154.3842,53.47112319,-1.984705925,SK0111297154,"https://maps.nls.uk/geo/explore/#zoom=16&lat=53.47112319&lon=-1.984705925&layers=6&b=1&marker=53.47112319,-1.984705925"
England,Allerdale,St.Johns Castlerigg and Wythburn,Gauge Basin,330941.5565,519089.4851,54.56230244,-3.069477081,NY3094119089,"https://maps.nls.uk/geo/explore/#zoom=16&lat=54.56230244&lon=-3.069477081&layers=6&b=1&marker=54.56230244,-3.069477081"
England,Eden,Patterdale,Rain Gauge,336409.1568,516398.1332,54.53883719,-2.984354496,NY3640916398,"https://maps.nls.uk/geo/explore/#zoom=16&lat=54.53883719&lon=-2.984354496&layers=6&b=1&marker=54.53883719,-2.984354496"
England,South Lakeland,Lakes,Rain Gauge,329741.2334,503157.1212,54.41897991,-3.08423996,NY2974103157,"https://maps.nls.uk/geo/explore/#zoom=16&lat=54.41897991&lon=-3.08423996&layers=6&b=1&marker=54.41897991,-3.08423996"
England,South Lakeland,Skelwith,Rain Gauge,334036.8463,501615.0662,54.40569972,-3.017710447,NY3403601615,"https://maps.nls.uk/geo/explore/#zoom=16&lat=54.40569972&lon=-3.017710447&layers=6&b=1&marker=54.40569972,-3.017710447"
England,Cheshire East,Bosley,Rain Gauge,393179.739,367477.7287,53.20432579,-2.103564263,SJ9317967477,"https://maps.nls.uk/geo/explore/#zoom=16&lat=53.20432579&lon=-2.103564263&layers=6&b=1&marker=53.20432579,-2.103564263"
England,South Lakeland,Upper Allithwaite,Rain Gauge,339937.622,483864.5566,54.24692579,-2.923238755,SD3993783864,"https://maps.nls.uk/geo/explore/#zoom=16&lat=54.24692579&lon=-2.923238755&layers=6&b=1&marker=54.24692579,-2.923238755"
England,Lancaster,Yealand Conyers,Rain Gauge,350149.6153,474693.2418,54.16560606,-2.765014172,SD5014974693,"https://maps.nls.uk/geo/explore/#zoom=16&lat=54.16560606&lon=-2.765014172&layers=6&b=1&marker=54.16560606,-2.765014172"
England,Barrow in Furness,,Tide Gauge Float,319590.1145,467418.3259,54.09635518,-3.231031895,SD1959067418,"https://maps.nls.uk/geo/explore/#zoom=16&lat=54.09635518&lon=-3.231031895&layers=6&b=1&marker=54.09635518,-3.231031895"
England,Barrow in Furness,,Tide Gauge,320485.6244,477580.3023,54.18780393,-3.220024109,SD2048577580,"https://maps.nls.uk/geo/explore/#zoom=16&lat=54.18780393&lon=-3.220024109&layers=6&b=1&marker=54.18780393,-3.220024109"
England,Cheshire East,Lyme Handley,Rain Gauge,396663.1591,383687.4293,53.35006459,-2.051589489,SJ9666383687,"https://maps.nls.uk/geo/explore/#zoom=16&lat=53.35006459&lon=-2.051589489&layers=6&b=1&marker=53.35006459,-2.051589489"
England,Copeland,Ennerdale And Kinniside,Gauge House (Whitehaven Corporation Water Works),308979.4318,515379.1623,54.52549001,-3.407864571,NY0897915379,"https://maps.nls.uk/geo/explore/#zoom=16&lat=54.52549001&lon=-3.407864571&layers=6&b=1&marker=54.52549001,-3.407864571"
England,Copeland,Ennerdale And Kinniside,Gauge House,304906.3605,514460.2472,54.51648567,-3.470478058,NY0490614460,"https://maps.nls.uk/geo/explore/#zoom=16&lat=54.51648567&lon=-3.470478058&layers=6&b=1&marker=54.51648567,-3.470478058"
England,Copeland,Eskdale,Rain Gauge,318308.2777,501914.5575,54.40610562,-3.260042667,NY1830801914,"https://maps.nls.uk/geo/explore/#zoom=16&lat=54.40610562&lon=-3.260042667&layers=6&b=1&marker=54.40610562,-3.260042667"
England,Copeland,,Tide Gauge,318130.5605,477974.4044,54.19097408,-3.256212473,SD1813077974,"https://maps.nls.uk/geo/explore/#zoom=16&lat=54.19097408&lon=-3.256212473&layers=6&b=1&marker=54.19097408,-3.256212473"
England,Ribble Valley,Easington,Rain Gauge,372929.3001,460021.2377,54.03545648,-2.414812089,SD7292960021,"https://maps.nls.uk/geo/explore/#zoom=16&lat=54.03545648&lon=-2.414812089&layers=6&b=1&marker=54.03545648,-2.414812089"
England,Ribble Valley,Bowland Forest High,Rain Gauge,363046.7265,451031.1524,53.95404515,-2.564599514,SD6304651031,"https://maps.nls.uk/geo/explore/#zoom=16&lat=53.95404515&lon=-2.564599514&layers=6&b=1&marker=53.95404515,-2.564599514"
England,Blackburn With Darwen,Yate and Pickup Bank,Rain Gauges,372171.7009,423646.9008,53.70849815,-2.423064709,SD7217123646,"https://maps.nls.uk/geo/explore/#zoom=16&lat=53.70849815&lon=-2.423064709&layers=6&b=1&marker=53.70849815,-2.423064709"
England,Chorley,Withnell,Rain Gauge,365557.5601,421619.8623,53.68988376,-2.523036003,SD6555721619,"https://maps.nls.uk/geo/explore/#zoom=16&lat=53.68988376&lon=-2.523036003&layers=6&b=1&marker=53.68988376,-2.523036003"
England,Blackburn With Darwen,Pleasington,water gauge,363139.1245,427148.3775,53.73940655,-2.560316563,SD6313927148,"https://maps.nls.uk/geo/explore/#zoom=16&lat=53.73940655&lon=-2.560316563&layers=6&b=1&marker=53.73940655,-2.560316563"
England,Allerdale,Borrowdale,Rain Gauge,323064.5107,510738.6501,54.48613279,-3.189082146,NY2306410738,"https://maps.nls.uk/geo/explore/#zoom=16&lat=54.48613279&lon=-3.189082146&layers=6&b=1&marker=54.48613279,-3.189082146"
England,Sefton,,Tide Gauge,332833.5312,394198.702,53.44026327,-3.012603521,SJ3283394198,"https://maps.nls.uk/geo/explore/#zoom=16&lat=53.44026327&lon=-3.012603521&layers=6&b=1&marker=53.44026327,-3.012603521"
England,South Lakeland,,Tide Gauge,331240.7086,477392.3983,54.18767209,-3.055197001,SD3124077392,"https://maps.nls.uk/geo/explore/#zoom=16&lat=54.18767209&lon=-3.055197001&layers=6&b=1&marker=54.18767209,-3.055197001"
England,South Lakeland,,Tide Gauge,331202.5703,477323.8032,54.18705059,-3.055765629,SD3120277323,"https://maps.nls.uk/geo/explore/#zoom=16&lat=54.18705059&lon=-3.055765629&layers=6&b=1&marker=54.18705059,-3.055765629"
